DISTRICT,School_Year,DEMOGRAPHICS,MIGRATION,RETENTION,INDEPENDENT,FORECAST_ENROLMENT
05,2014,-7,41.6,-22.5,-0.9,5170.9
05,2015,-11,51.1,31.5,96.4,5338.9
05,2016,-23,27,22.1,49.3,5414.3
05,2017,-69,44.6,11.8,47.3,5448.9
05,2018,-19.6,23,6.4,85.6,5544.3
05,2019,-37.8,-15.1,3.9,62.6,5557.9
05,2020,-23.2,-12.1,4,62.6,5589.2
05,2021,-24.1,-20.3,2.6,62.6,5610.1
05,2022,16.4,-20.2,5.8,62.6,5674.8
06,2014,34.6,-16.5,-3.9,-5.3,3008.8
06,2015,12.6,22.1,3.3,22.6,3069.3
06,2016,-1.2,32.9,1.2,14,3116.2
06,2017,41.6,38.5,-23,15.5,3188.8
06,2018,36.8,60,-43.6,26.6,3268.5
06,2019,50.9,49.6,-26.9,19.4,3361.4
06,2020,39.3,51.7,-30,19.4,3441.7
06,2021,63.2,46.2,-30.9,19.4,3539.6
06,2022,27,46.3,-33.2,19.4,3599
08,2014,16.7,-0.5,-44.3,-12,4682.3
08,2015,-46.1,87.9,-115.3,26.4,4635.1
08,2016,-16,123.8,-34.8,58.6,4766.8
08,2017,-80.8,46.4,-36.1,76.6,4772.9
08,2018,-79.1,13.6,-83,58,4682.4
08,2019,4.9,20.7,-46.8,67.2,4728.5
08,2020,-5.7,23.5,-53.1,67.2,4760.4
08,2021,-50,16.3,-57.8,67.2,4736.1
08,2022,-17.8,16.4,-53.7,67.2,4748.2
10,2014,-8,-9.1,3,3.1,457.4
10,2015,1.9,-11.5,-5.9,-1.6,440.4
10,2016,-6,4.8,3.9,-1,442.1
10,2017,-17.1,7.4,0,3,435.3
10,2018,9.3,12.6,2.9,-3.8,456.4
10,2019,-5.1,17.7,4.6,-0.5,473.1
10,2020,-0.7,18.1,-0.6,-0.5,489.4
10,2021,-9.8,17.2,0.8,-0.5,497.1
10,2022,-9.7,17.2,2.1,-0.5,506.2
19,2014,-0.1,-8.8,-6.2,-6,927.3
19,2015,-3.7,13.6,-11.3,-2,923.9
19,2016,24.3,14.3,1.3,-8.4,955.3
19,2017,-2.5,14,2.4,0.5,969.6
19,2018,39.3,11.5,5.3,7,1032.6
19,2019,15.4,8,-0.2,-0.4,1055.5
19,2020,21.3,8.7,1,-0.4,1086.2
19,2021,4.2,7.3,0.5,-0.4,1097.8
19,2022,21.5,7.3,0.8,-0.4,1127.1
20,2014,-77.3,6.1,19.1,-31.9,3700.4
20,2015,-94.6,38.1,-3.8,35.1,3675.3
20,2016,20.6,65.5,66.5,11.1,3839
20,2017,7.1,25.1,71.8,1.6,3944.6
20,2018,-9.5,32.8,-57.6,25.1,3935.4
20,2019,6.6,48.2,17.6,13,4020.7
20,2020,55.5,50,24.5,13,4163.7
20,2021,20.7,45.2,22.7,13,4265.3
20,2022,21.4,45.3,25,13,4370
22,2014,36.6,128.6,66.6,-28.5,8044
22,2015,-66.3,151.3,35.2,21.1,8185.3
22,2016,-26.6,122.7,-20.1,12.5,8273.8
22,2017,-14,132,-14,7.5,8385.3
22,2018,-18.4,66.3,-6.1,-9,8418.1
22,2019,-20.8,66.5,-22.8,4.4,8445.4
22,2020,16.1,70.9,-23.5,4.4,8513.5
22,2021,-8.4,59.3,-27,4.4,8541.8
22,2022,24.7,59.5,-25,4.4,8605.4
23,2014,-428.6,271.3,173.3,-52.6,21403.9
23,2015,-525.4,453.8,223.8,87,21643
23,2016,-296.5,484.9,220.9,11.9,22064.3
23,2017,-436.3,353.5,6.7,95.2,22083.3
23,2018,-135.1,366.6,361.9,2.5,22679.1
23,2019,-326.1,320.1,69.1,39.4,22781.6
23,2020,-285.5,331.8,125.7,39.4,22992.9
23,2021,-248.3,304.2,128.4,39.4,23216.7
23,2022,-173.7,304.7,136.1,39.4,23523.1
27,2014,-36.8,-142.5,-21,-63.3,4565.7
27,2015,-17.9,-16.8,-8.4,30.6,4553.3
27,2016,-18.8,20.8,-27.6,35.1,4562.9
27,2017,11.1,39,-26.6,52,4638.4
27,2018,8.8,32.3,-10.4,27,4695.9
27,2019,-2.4,20,-27.8,39.9,4725.6
27,2020,38.4,22.1,-28,39.9,4798.1
27,2021,35.7,15.9,-28.3,39.9,4861.2
27,2022,33.4,16,-28.8,39.9,4921.7
28,2014,-117.4,-67.4,31.6,-10.9,3052.9
28,2015,-75.5,44.9,8.8,26.5,3057.5
28,2016,-58.4,22.5,5.4,17,3044
28,2017,-85.5,-16,19.3,28.3,2990
28,2018,-17.1,-12.6,1.1,14.5,2975.8
28,2019,-23.6,13.6,2.5,20.8,2989
28,2020,13.8,14.6,5.5,20.8,3043.7
28,2021,5,11.6,6.8,20.8,3088
28,2022,-19.8,11.7,6.8,20.8,3107.5
33,2014,-142,92.6,18.4,-50.3,12438.3
33,2015,-147.6,373.3,67.8,24.4,12756.2
33,2016,-113,357.4,140.8,32.3,13173.6
33,2017,-122.7,279.8,93,-2.3,13421.5
33,2018,-44.2,145.2,149,-3.3,13668.2
33,2019,-213.1,135.3,212.1,10.1,13812.7
33,2020,-97.1,139.9,154.1,10.2,14019.8
33,2021,-179.7,126.6,158.6,10.2,14135.5
33,2022,-192,126.9,147.4,10.2,14228
34,2014,-126.9,-9.9,124.8,-119.8,18756.7
34,2015,-100.6,122.5,168.1,0.6,18947.3
34,2016,5.9,259.4,235.2,-16.9,19430.8
34,2017,-77.5,-69.8,86.3,-63.3,19306.6
34,2018,-15.4,140.1,221.7,-25.3,19627.8
34,2019,-26.8,87.5,187.1,-35.4,19840.1
34,2020,-24.5,95.2,178.5,-35.4,20053.9
34,2021,-44.6,75.1,187.8,-35.4,20236.7
34,2022,-58.4,75.4,184.7,-35.4,20402.9
35,2014,-2.4,222.4,-27.2,-100.9,18884
35,2015,55.1,398.6,-86.2,-27.1,19224.4
35,2016,245.2,420.3,4.4,26.9,19921.3
35,2017,95.5,347.1,-9.6,5.9,20360.3
35,2018,51.6,168.9,-13.8,-12.6,20554.3
35,2019,73.2,154.6,-42.5,8.3,20747.9
35,2020,97.8,161.6,-37.8,8.4,20977.9
35,2021,0.6,144.5,-48.7,8.3,21082.6
35,2022,86.3,144.8,-39.4,8.3,21282.6
36,2014,-510.9,981.4,-236.1,-213.5,67505.5
36,2015,-363.3,886.2,-12.2,361.2,68377.4
36,2016,-315,1317.9,-195.2,187.9,69373.1
36,2017,57.3,842.1,-166.8,225.3,70330.9
36,2018,-140.9,917.3,12.8,362.1,71482.3
36,2019,-100,795.4,-208.8,270,72238.9
36,2020,-149.2,839.8,-211.6,270,72987.9
36,2021,32.6,745,-203.7,270.1,73831.9
36,2022,56,746.2,-205.1,270.1,74699
37,2014,-266.6,237.4,-39.2,48.3,15262
37,2015,-233.2,371.7,-70.3,57.3,15387.4
37,2016,-267.7,227.9,-72.7,63,15337.8
37,2017,-182.5,178.3,-66.8,78.5,15345.3
37,2018,-161.7,159.8,-69.3,78.7,15352.8
37,2019,-134.8,151.8,-104.8,77.2,15342.2
37,2020,-139.2,157.2,-99.3,77,15337.9
37,2021,-145.5,145.2,-98.6,77,15316
37,2022,-92.6,145.4,-97.2,77.1,15348.7
38,2014,-570.9,238.4,-43.3,-126.2,20179.2
38,2015,-514.1,278,-6.7,-60.3,19876
38,2016,-444.9,98.1,-57.3,-69.1,19402.8
38,2017,-112.3,172.8,-102.2,-22.5,19338.7
38,2018,-223.6,273.6,10.4,12,19411.1
38,2019,-175,228.3,-77.2,-26.5,19360.8
38,2020,-154,240.6,-82.3,-26.5,19338.6
38,2021,-57.3,215.7,-76.1,-26.5,19394.4
38,2022,-67,216,-78.5,-26.5,19438.5
39,2014,-671.5,317.7,-322.6,-324.3,50337.8
39,2015,-592.5,389.3,-268.6,-156,49709.9
39,2016,-298.6,383.7,-105.9,-180.9,49508.3
39,2017,-370.6,311.9,-174.2,-143.8,49131.6
39,2018,-454.4,476.4,-58.6,-139.6,48955.4
39,2019,-132.7,310.9,-115.5,-156.7,48861.4
39,2020,-193.3,345.6,-127.9,-156.9,48729
39,2021,-104.8,267.4,-125.2,-156.8,48609.5
39,2022,-7.5,268.5,-110.8,-156.8,48602.9
40,2014,184.4,-74.9,-50.3,-3.1,6285.3
40,2015,141.1,18.8,-25.6,8.6,6428.2
40,2016,150.3,-137.5,-16.3,-0.1,6424.6
40,2017,182.1,31.3,-46.4,-33.9,6557.7
40,2018,175.6,-68.9,-37.2,-49,6578.2
40,2019,137.5,-79.3,-37.7,-27.8,6570.9
40,2020,151.9,-75.4,-39.3,-27.8,6580.4
40,2021,188,-84.4,-37.7,-27.8,6618.4
40,2022,182.1,-84.3,-38,-27.8,6650.4
41,2014,-335.5,96.9,37.1,8.3,23110.8
41,2015,-311,299.4,57.3,30.5,23187.1
41,2016,-297.4,402.8,-8.8,26.5,23310.2
41,2017,-117.4,215.1,37.1,9.3,23454.1
41,2018,-245.4,150.6,93.6,-18.6,23434.3
41,2019,-149.1,215.2,16.2,7.5,23524.1
41,2020,-150.2,231.8,15.4,7.5,23628.7
41,2021,-106.4,198,6.5,7.5,23734.3
41,2022,38.5,198.4,34,7.5,24012.7
42,2014,-31.8,77,-47.8,-6.9,13656.1
42,2015,91.2,211.2,51.5,18.1,14028.1
42,2016,-17.1,129.3,94.8,17.9,14252.9
42,2017,-41.5,111.4,69.3,-2.5,14389.5
42,2018,38,48.8,73.4,16.8,14566.5
42,2019,32,26.8,61.4,11.3,14697.9
42,2020,7.7,30,54.6,11.3,14801.5
42,2021,-11.7,21.2,62.1,11.3,14884.3
42,2022,-10.6,21.3,53,11.3,14959.3
43,2014,-541.3,543.1,6.3,-89.6,30249.9
43,2015,-438.1,573.1,196.9,38.8,30620.6
43,2016,-638.4,336.1,230.1,43.1,30591.4
43,2017,-534.2,396.4,154.3,1.3,30609.2
43,2018,-612.9,333.7,275.9,49.8,30655.6
43,2019,-515.8,293.8,160.4,33.2,30627.2
43,2020,-477.5,308.5,167.6,33.2,30659.1
43,2021,-504.5,276.1,165,33.2,30628.9
43,2022,-460,276.5,177.7,33.2,30656.3
44,2014,-198.8,251.1,-15.6,-93.8,15080.7
44,2015,19.1,234.3,-51.4,-21.7,15260.9
44,2016,-70.9,56.5,-128.3,-63,15055.3
44,2017,37.8,126.4,-51.9,-47.8,15119.8
44,2018,-87.9,147,-26.6,-26.4,15125.9
44,2019,9.8,92.5,-74.7,-46.8,15106.7
44,2020,74.5,99.8,-82.5,-46.8,15151.7
44,2021,29.1,83.5,-87.8,-46.8,15129.7
44,2022,30.5,83.7,-83.8,-46.8,15113.4
45,2014,-217.2,313.2,27.6,-73.9,6726.6
45,2015,-233.3,267.2,69.4,-42.9,6787.1
45,2016,-208.1,244.6,40.3,-53,6811
45,2017,-222.7,293.2,48.1,-31.5,6898.1
45,2018,-293,269.6,69.4,-27.6,6916.5
45,2019,-281.8,258.6,19.8,-37.8,6875.2
45,2020,-188.5,264.1,35,-37.8,6947.9
45,2021,-238.4,252.5,33.9,-37.9,6958.1
45,2022,-207.6,252.7,33.1,-37.9,6998.4
46,2014,-18.9,-32.7,13.6,22.6,3027.3
46,2015,-10.3,63.3,3.5,37.1,3120.9
46,2016,11.1,1,-1.3,8.8,3140.4
46,2017,10,18.2,-5.9,-5.8,3156.9
46,2018,29.6,68.3,-10.9,12.1,3256.1
46,2019,57.3,44,-5.4,5.2,3357.2
46,2020,35.6,45.2,-0.2,5.2,3443
46,2021,29.1,42.2,2.5,5.2,3522
46,2022,46.9,42.3,-3.6,5.2,3612.9
47,2014,-26.9,26.3,-123.9,21.3,1859.6
47,2015,16.8,-11,-50.3,38.6,1853.8
47,2016,43.6,41.1,-59,40.9,1920.4
47,2017,48,52.3,-26.3,53.1,2047.5
47,2018,26,42.7,-92.9,32.5,2055.8
47,2019,39.8,40.7,-68.9,43.9,2111.2
47,2020,20.4,41.5,-72,43.9,2145
47,2021,29.1,39.3,-71.2,43.9,2186.1
47,2022,32.4,39.3,-71.8,43.9,2229.9
48,2014,69.6,8.1,-0.4,-59.4,4386.8
48,2015,110.8,65.9,1.8,38.8,4604
48,2016,99.1,-6.9,5.6,14.8,4716.7
48,2017,98.2,23.6,51.7,13.6,4903.7
48,2018,73.9,-3.3,57,12.9,5044.2
48,2019,109.7,-32.9,29,14.5,5164.5
48,2020,76.1,-30.7,24.2,14.5,5248.6
48,2021,83.4,-36.5,38.4,14.5,5348.5
48,2022,67.1,-36.4,23.1,14.5,5416.8
49,2014,-8.1,-12.9,-0.5,-3,193.6
49,2015,5.9,0.8,1.1,5.6,207
49,2016,6,1.4,-0.3,6.4,220.5
49,2017,-2.3,10,1.1,5.8,235.1
49,2018,6.1,1,0.4,22.1,264.8
49,2019,2.9,-1,-2,11.8,276.4
49,2020,1.5,-0.9,-2.2,11.8,286.5
49,2021,-1.5,-1.1,-1.1,11.8,294.6
49,2022,-13.1,-1.1,-2.8,11.7,289.4
50,2014,-19.8,-8.6,5.9,2,545.9
50,2015,-7.3,11.9,-3.5,-2,545
50,2016,-13.9,-11.9,-5.8,3.9,517.4
50,2017,-9.1,5.9,-3.7,0,510.5
50,2018,-36.6,-7.3,-4.4,-1,461.1
50,2019,-2.1,-10.9,-6.1,1.1,443.1
50,2020,1,-10.5,-5.7,1.1,428.9
50,2021,-17.5,-11.7,-5.7,1.1,395.1
50,2022,-1.6,-11.7,-4.4,1.1,378.5
51,2014,-19.2,-3.6,-5.3,10.5,1245
51,2015,6.9,-1.2,-12.6,10,1248.1
51,2016,6.5,39.6,0.5,-9,1285.8
51,2017,3,7.3,2.4,-14.3,1284.1
51,2018,-7.9,-25.8,-17.8,16.9,1249.6
51,2019,-4.8,-4.3,-7.5,-2.4,1230.6
51,2020,-7.9,-3.6,-7.5,-2.4,1209.1
51,2021,-3,-5.4,-7.6,-2.4,1190.6
51,2022,-9,-5.4,-6.8,-2.4,1167
52,2014,1.5,-45.4,-17.9,19.6,2041.5
52,2015,-3.9,-11.4,-14,34.3,2046.5
52,2016,-43.5,-34,-9.8,19.6,1978.9
52,2017,4.6,-32.8,-21.8,31.5,1960.5
52,2018,10.6,-23.3,30.6,15.4,1993.9
52,2019,-24.2,-35.7,-7.7,23.2,1949.6
52,2020,-30.6,-35,-8.9,23.2,1898.3
52,2021,-17.1,-37.1,-6.3,23.2,1861
52,2022,24.5,-37.1,-3.2,23.2,1868.5
53,2014,-70.1,33.9,-24.9,-1.5,2284.4
53,2015,-55.1,-1.8,-29.4,20.4,2218.4
53,2016,-13.4,89.4,-4.1,21.8,2312.1
53,2017,-41.1,56.3,-11.8,-2.6,2312.9
53,2018,-30.5,54.1,-0.5,1,2337
53,2019,-33.8,53.9,-2,7.2,2362.2
53,2020,-24.2,55.2,-5.5,7.2,2395
53,2021,-3.9,51.8,-0.4,7.2,2449.7
53,2022,-30.4,51.9,-4.7,7.2,2473.8
54,2014,-32.7,-89.8,-1.8,5.9,2070.1
54,2015,-63.1,11.6,6.6,39.3,2064.4
54,2016,-23.5,-69.8,2.1,29.6,2002.8
54,2017,-33.8,-16.8,-9.5,26.6,1969.4
54,2018,-40,6.8,-15.9,27.5,1947.8
54,2019,-12.6,-17.5,-6.8,29,1939.9
54,2020,4.7,-16.8,-9.4,29,1947.3
54,2021,-17.5,-19.1,-11.3,29,1928.5
54,2022,15.7,-19.1,-9.3,29,1944.9
57,2014,-35.4,-4.3,23.4,0,12647.8
57,2015,-92.6,-41.1,62.9,110.9,12687.8
57,2016,-55.8,61.8,31.8,79.3,12804.8
57,2017,-93.8,102.3,40.4,121.5,12975.2
57,2018,-74.7,46.2,8.1,66.3,13021
57,2019,28.6,75.8,7.8,92.8,13226
57,2020,65.7,80.6,12.1,92.8,13477.1
57,2021,-33.9,67.4,7.1,92.8,13610.4
57,2022,13.2,67.6,8,92.8,13792
58,2014,-10.1,97.6,-126.3,-20.8,2047.1
58,2015,2,75.5,-82.1,19.5,2062
58,2016,-7.3,110.8,-88.2,14.9,2092.3
58,2017,-0.4,46,-99.1,1.6,2040.4
58,2018,-12.6,77.5,-62.9,18.9,2061.2
58,2019,3.7,61.7,-36.3,12.4,2102.7
58,2020,-18.3,62.7,-59.1,12.4,2100.4
58,2021,-8.8,59.7,-54.8,12.4,2109
58,2022,-4.7,59.8,-53.8,12.4,2122.8
59,2014,-30.8,-34.3,-11.6,-45.9,3481.9
59,2015,15.4,-103.6,52.3,46.5,3492.4
59,2016,4.8,-82.4,-3.8,52.5,3463.5
59,2017,34.8,-32.9,-25.8,48.3,3487.8
59,2018,28.5,-6.1,-9.3,75.9,3576.8
59,2019,44.3,-58.1,-13.2,60.9,3610.7
59,2020,12.4,-55.9,-19.6,60.9,3608.5
59,2021,63.4,-62.6,-19.7,60.9,3650.4
59,2022,39.5,-62.5,-13.6,60.9,3674.7
60,2014,254.2,-29.3,-202.6,9.3,5672.6
60,2015,246.6,70.1,-41.8,49.5,5996.9
60,2016,125.2,-97.9,-124.2,-11.5,5888.5
60,2017,204.3,-12.7,-39.2,4,6044.8
60,2018,189,-70,-75.9,-35.3,6052.6
60,2019,147.6,-100.9,-131.2,-13.9,5954.2
60,2020,198.8,-98,-94.5,-13.9,5946.5
60,2021,182.5,-107.4,-95.2,-13.9,5912.4
60,2022,220.5,-107.2,-80.8,-13.9,5931
61,2014,46.8,44.2,29.3,-91.2,18429.5
61,2015,66.9,149.9,24,32.2,18702.5
61,2016,76.2,24.5,15.3,60.7,18879.1
61,2017,271.8,-13.6,-44.7,30.4,19123.1
61,2018,196.1,18.7,134.8,34.6,19507.4
61,2019,126.3,3.6,-11.4,44.6,19670.6
61,2020,236.4,14.1,6.3,44.7,19972.1
61,2021,140.4,-10.7,-3.8,44.6,20142.5
61,2022,184.8,-10.3,-3.2,44.6,20358.4
62,2014,288,76.3,-245.8,-58.3,9134.8
62,2015,320,241.4,-210.2,28.9,9514.9
62,2016,257.4,382.4,-95.4,27.9,10087.3
62,2017,286.4,173.5,-122.3,34.4,10459.3
62,2018,261.8,197.7,-101.7,15.4,10832.3
62,2019,229.9,188.4,-47.2,27.3,11230.7
62,2020,211.6,193.8,-92.8,27.3,11570.6
62,2021,161.3,180.9,-126.5,27.3,11813.7
62,2022,211.2,181.1,-99,27.3,12134.4
63,2014,-125.7,406,-418.7,26.1,6841.1
63,2015,-60.8,314.2,-228,44.6,6911.1
63,2016,-80.8,278.5,-220,19.9,6908.8
63,2017,42.4,391.5,-388.9,50,7003.8
63,2018,-17.9,328.7,-259.9,27.8,7082.5
63,2019,-54.8,318.4,-236.3,34.2,7144.1
63,2020,-45.8,321.3,-264.4,34.2,7189.5
63,2021,-49.7,314.3,-266.5,34.2,7221.8
63,2022,-32.5,314.4,-266.4,34.2,7271.5
64,2014,-26.5,-10.5,10.6,2.8,1660.6
64,2015,-25.4,70.5,-4.6,6,1707.1
64,2016,-15.4,8.5,6.8,12,1719
64,2017,-13.6,-11.6,-23.8,27.1,1697.1
64,2018,-11,50.8,-8.1,6.9,1735.8
64,2019,-13.2,23.6,-2.5,16.1,1759.7
64,2020,-8,24.5,-9.2,16.1,1783.1
64,2021,-1.4,22,-5,16.1,1814.9
64,2022,11.2,22,-6.4,16.1,1857.8
67,2014,-171.4,87.3,-76.6,-12.1,5592.5
67,2015,-85.3,83.6,41,39.5,5671.4
67,2016,-169.3,144.6,16.7,27.2,5690.6
67,2017,-163,98.1,66.8,56.9,5749.4
67,2018,-142.6,85.1,80.3,53.1,5825.4
67,2019,-160.1,60.5,40.3,47.5,5813.6
67,2020,-187,63.5,47.5,47.5,5785
67,2021,-185.4,55.8,40.2,47.5,5743.1
67,2022,-81.8,55.9,46.5,47.5,5811.2
68,2014,58.4,-28.6,-273.3,-64.1,12866.3
68,2015,62.1,160.9,-85.1,46.5,13050.8
68,2016,88,327.5,-35.8,-15.4,13415.1
68,2017,179.1,253.6,-140.8,12.1,13719.3
68,2018,234.5,160.5,-109.1,16.1,14021.3
68,2019,153.8,153.6,-95.2,4.9,14238.3
68,2020,226.2,161,-104.7,4.9,14525.7
68,2021,177.4,142.9,-111.9,4.9,14739
68,2022,219.4,143.2,-110.7,4.9,14995.7
69,2014,-2.6,-16.5,-103.1,-30.9,3876.2
69,2015,37.9,94.1,-60.4,2.4,3950.1
69,2016,-28.3,114.4,-37.8,12.5,4011
69,2017,25.3,48.9,-46.4,1.4,4040.1
69,2018,19.7,100.7,-70.2,5.4,4095.6
69,2019,38.1,97.6,-63.6,6.8,4174.5
69,2020,41,99.5,-62.1,6.8,4259.8
69,2021,-6.3,95.4,-67.9,6.8,4287.9
69,2022,56.9,95.4,-58.4,6.8,4388.7
70,2014,-31.6,-21.9,-45.1,-2.4,3538.1
70,2015,-32.3,70.3,-9.4,73.3,3640
70,2016,15.6,54.5,26.8,24.9,3761.8
70,2017,-94.9,37,-5.5,46.4,3744.8
70,2018,-29.2,-4.4,-14.3,37.5,3734.4
70,2019,-18.4,-5,0.1,37.7,3748.9
70,2020,-23.1,-3.7,-3.1,37.7,3756.8
70,2021,-4.9,-7.1,-1.9,37.7,3780.6
70,2022,-22.7,-7,-2.6,37.7,3785.9
71,2014,-116.3,188.9,-317.1,-39.5,7479.4
71,2015,83.8,186.9,-371.9,-2.7,7375.6
71,2016,95.1,420.1,-150.4,64.9,7805.3
71,2017,198.5,438.6,-259,38.8,8222.2
71,2018,144.8,264.6,-364.7,10.5,8277.4
71,2019,138.7,288.1,-209.3,40.2,8535
71,2020,81.9,292.4,-254.8,40.2,8694.8
71,2021,148.4,281.4,-225.9,40.2,8938.9
71,2022,98.1,281.6,-251.6,40.2,9107.2
72,2014,-23.8,4.4,7,27.4,5162.3
72,2015,-21.1,53.3,21.2,9.3,5224.9
72,2016,14.1,86.4,23.6,-5.4,5343.6
72,2017,-53,65.3,49.9,-4.4,5401.4
72,2018,-38,68.4,36.9,-5.4,5463.3
72,2019,1.5,61.8,36.9,-4.9,5558.6
72,2020,-31.8,63.9,32.1,-4.9,5617.9
72,2021,-60.9,58.1,27.5,-4.9,5637.8
72,2022,14.8,58.2,38.8,-4.9,5744.6
73,2014,-215.3,152.7,101,5.4,13981.3
73,2015,-297.7,156.4,16.7,81.1,13937.9
73,2016,-148.1,202.6,67.1,40.8,14100.2
73,2017,-81,282.6,69.6,-13.1,14358.3
73,2018,-75,195.4,93.7,17.9,14590.3
73,2019,-29,172.2,56.8,16.2,14806.4
73,2020,-87.6,178.4,54.1,16.2,14967.4
73,2021,-10.4,161.8,61.6,16.2,15196.6
73,2022,-22.8,162.1,62.5,16.2,15414.6
74,2014,5.9,-25.5,-12.6,-15.4,1096.4
74,2015,11.8,-11.6,-5.6,20.3,1111.1
74,2016,-9.9,24.6,-27.8,8.9,1107
74,2017,22.9,-33.5,-13.6,26,1108.8
74,2018,4.6,-9.9,-0.4,-12.9,1090.3
74,2019,16.5,-8.5,-15.1,8.1,1091.3
74,2020,13.7,-7.9,-16.2,8.1,1088.9
74,2021,16.3,-9.6,-16.5,8.1,1087.1
74,2022,4.6,-9.6,-16.6,8.1,1073.5
75,2014,61.6,-22.1,-153,-11.4,5639.4
75,2015,113,59.2,-43.6,-7,5761
75,2016,107.4,61.5,10.9,-10.4,5930.4
75,2017,105.3,55.4,-58.6,25.3,6057.8
75,2018,115.8,-121.8,-7.9,28.8,6072.5
75,2019,102,-109,-24.1,15,6056.4
75,2020,124.2,-107.4,-24.8,15,6063.4
75,2021,114.7,-113.3,-25,15,6054.8
75,2022,134.5,-113.2,-24.3,15,6066.8
78,2014,-25.8,-34,10.3,-16,1572.9
78,2015,-1.4,18.4,20.6,33.3,1643.8
78,2016,23.8,24,-1.5,-6,1684
78,2017,-0.4,-40.3,13.9,4.5,1661.8
78,2018,10.9,27.6,10.7,27.5,1738.4
78,2019,-6.6,2.7,3.7,8.9,1747.1
78,2020,14.7,3.6,4.3,8.9,1778.5
78,2021,21.4,0.3,5,8.9,1814.2
78,2022,14.6,0.4,6.9,8.9,1845
79,2014,-38.4,21.8,-58.3,-69.1,7262.8
79,2015,-33.1,111.7,22.3,33.8,7397.4
79,2016,-5.3,136.6,22,32.4,7583.1
79,2017,75.6,106.8,-16.9,41,7789.6
79,2018,109.8,118,-20.9,63.9,8060.3
79,2019,-25.3,86.2,-56.2,47.8,8112.9
79,2020,43,90.3,-31.3,47.8,8262.7
79,2021,64,80.1,-23.3,47.8,8431.3
79,2022,88.4,80.3,-19.7,47.8,8628.1
81,2014,-2.3,-40.6,-1.8,-5.8,757.1
81,2015,10,-18.4,4.8,15.1,768.6
81,2016,-1.5,-54.3,-7.6,22.3,727.6
81,2017,12.9,-25.8,0.3,5.8,720.8
81,2018,0.9,-19.8,-9.5,-8.4,684
81,2019,16.9,-26.2,-6.8,7.1,675.1
81,2020,23.8,-25.7,-6.5,7.1,673.8
81,2021,21.6,-27.3,-6.5,7.1,668.7
81,2022,21.3,-27.3,-6.1,7.1,663.8
82,2014,-49.1,-108.3,-41.5,-27.9,4469.9
82,2015,-86.5,-70.8,-70.1,46.4,4288.9
82,2016,-118,-22.9,-31.4,11.5,4128.1
82,2017,-38.5,-11.6,-57.7,88.5,4108.9
82,2018,33.6,-23.3,-72.3,54.5,4101.5
82,2019,28.4,-31.1,-55.7,53.6,4096.8
82,2020,17.6,-29.2,-58.1,53.6,4080.7
82,2021,37.4,-35,-60.3,53.6,4076.5
82,2022,13.5,-34.8,-61.7,53.6,4047
83,2014,-129.6,17.4,-17.8,-23,5866.1
83,2015,-74.9,98.6,55.3,5.1,5950.2
83,2016,-30.8,114,18.7,4.4,6056.5
83,2017,-32.1,129.9,4.6,8.1,6167
83,2018,-5.3,161.5,39.6,1.3,6364
83,2019,-65.5,144,2.1,5.3,6449.8
83,2020,35.4,147.2,18.7,5.3,6656.4
83,2021,-13.1,139.1,14.1,5.3,6801.7
83,2022,1.7,139.2,19.3,5.3,6967.2
84,2014,-7.9,-2.5,1.7,-6,388.6
84,2015,4.4,-28.6,0.9,0.5,365.8
84,2016,9.5,29.1,10,-0.5,413.9
84,2017,-10.5,18.4,-3.3,-2,416.5
84,2018,-9.9,55.7,2.9,-1,464.1
84,2019,-25.5,48.5,11.7,-1.2,497.7
84,2020,-25.6,48.9,4.3,-1.2,524.1
84,2021,-40.1,48.1,5,-1.2,535.9
84,2022,-38.7,48.1,3,-1.2,547.1
85,2014,-29.6,-42.8,9.7,23.4,1332.8
85,2015,-3.8,-37.3,4.5,29.9,1326.1
85,2016,12.6,-13.1,3.2,31,1359.9
85,2017,-6.3,-37.2,7.8,30,1354.3
85,2018,-13.4,-8.7,9.3,30.5,1372
85,2019,-13.7,-23.1,1.6,31.6,1368.3
85,2020,14.5,-22.5,2.2,31.6,1394.2
85,2021,8.2,-24.5,3.2,31.6,1412.7
85,2022,1.1,-24.5,2.5,31.6,1423.4
87,2014,1.1,-21.6,-0.3,6,184.1
87,2015,-2,7,-1,3,191.1
87,2016,0.9,-13.8,-1,3,180.3
87,2017,-4.3,6.6,0,6,188.6
87,2018,-1.8,-27.3,-8.5,-6,145.1
87,2019,1.5,-24.5,-3.3,1.2,120
87,2020,2.9,-24.4,-2.7,6.1,102.1
87,2021,5.2,-24.4,-1.8,4.2,85.4
87,2022,5.5,-20.4,-1.9,7,75.6
91,2014,-33.4,177,-323.1,-3,3829
91,2015,8.1,-20.9,-86.6,22.8,3752.3
91,2016,-94.1,198.9,-179.6,41.8,3719.3
91,2017,-31.3,224.9,-334.1,6.6,3585.5
91,2018,-32.6,273,-242.6,-27.6,3555.7
91,2019,-66.3,263.1,-25.7,8,3734.9
91,2020,-196,264.9,-143.6,8,3668.1
91,2021,-156.3,259.8,-115.6,8,3664
91,2022,-183.1,259.9,-135,8,3613.8
92,2014,9.1,4.3,18,-1,420.8
92,2015,11.8,-37.1,-21.9,1,374.5
92,2016,17.3,-10.4,0.2,2,383.6
92,2017,13.5,-24.8,12.5,2,386.8
92,2018,5.9,-24.1,4.7,1,374.3
92,2019,9.2,-23.8,6.2,1.7,367.5
92,2020,10.4,-23.7,7,1.7,363
92,2021,4.7,-24.1,6.4,1.7,351.6
92,2022,9.2,-24.1,7,1.7,345.5
93,2014,493.5,-137.3,-26.6,-40.4,5373.3
93,2015,449.4,-254.5,19,-30.8,5556.4
93,2016,461.1,-268.9,-15.8,-28.3,5704.6
93,2017,491,-193.3,10.8,-42.8,5970.3
93,2018,472.8,-286.6,-6.3,-32.3,6117.9
93,2019,454.6,-338,-4.5,-35.4,6194.7
93,2020,458.2,-333.3,-9.5,-35.4,6274.7
93,2021,435.8,-345.6,-13,-35.4,6316.5
93,2022,490.9,-345.4,-8.4,-35.4,6418.2
