DISTRICT,SCHOOL_YEAR,LAST_YEAR_ENROLMENT,C_STU_CG_LAST_YR,C_STU_CG_THIS_YR,C_STU_RG_LAST_YR,C_STU_RG_THIS_YR,ENTER_ADD_LEARNING,EXIT_ADD_LEARNING,DIST_NET_RETENTION,FORECAST_ENROLMENT
05,2013,5163.3,4281,-4261.4,54.3,-73,17.6,-20,-2,5159.6
05,2014,5159.6,4331.9,-4336.3,27.4,-37,9.1,-17.6,-23,5170.9
05,2015,5170.9,4452.9,-4409.6,33.6,-46.3,10,-9.1,32,5338.9
05,2016,5338.9,4575.6,-4540.3,36.9,-55.9,15.8,-10,22,5414.3
05,2017,5414.3,4614.3,-4587.6,41.3,-54.1,13.8,-15.8,12,5448.9
05,2018,5448.9,4693.5,-4675.1,48,-56.4,10.2,-13.8,6,5544.3
06,2013,3000,2481.4,-2471.4,35.5,-43,5.3,-17.3,-10,2999.9
06,2014,2999.9,2500.8,-2498.7,27.8,-30.4,1.9,-5.3,-4,3008.8
06,2015,3008.8,2538.3,-2526.8,35.3,-41.6,0,-1.9,3,3069.3
06,2016,3069.3,2598.1,-2601.4,29.8,-36,10.8,0,1,3116.2
06,2017,3116.2,2678.8,-2686.3,24,-34.3,5.5,-10.8,-23,3188.8
06,2018,3188.8,2736.1,-2762.6,21.5,-38,4.9,-5.5,-44,3268.5
08,2013,4846.6,3893.1,-3924.4,21.4,-67.4,21.5,-27.5,-83,4722.4
08,2014,4722.4,3860.6,-3859.8,3,-57.2,30.6,-21.5,-44,4682.3
08,2015,4682.3,3868,-3888.2,-3.9,-88.9,28.3,-30.6,-115,4635.1
08,2016,4635.1,3899.2,-3898,28.2,-70.5,34.6,-28.3,-35,4766.8
08,2017,4766.8,3958.1,-3975.8,31.4,-65.9,50.7,-34.6,-36,4772.9
08,2018,4772.9,3851.8,-3890.4,36.8,-65.9,35.4,-50.7,-83,4682.4
10,2013,498.4,385.3,-383.2,3.3,-5.7,1.4,-0.6,0,468.4
10,2014,468.4,373.2,-372.2,0.6,-1.5,4.3,-1.4,3,457.4
10,2015,457.4,371.8,-376.6,2,-2.6,3.9,-4.3,-6,440.4
10,2016,440.4,356.4,-351.9,2,-5.6,6.9,-3.9,4,442.1
10,2017,442.1,353.4,-350.9,4.1,-5.6,5.8,-6.9,0,435.3
10,2018,435.3,355.7,-349.2,1.3,-1,2,-5.8,3,456.4
19,2013,1014.8,828.8,-829.4,8.6,-11.3,0,0,-3,948.3
19,2014,948.3,778.3,-781.7,5.4,-8.4,0.3,0,-6,927.3
19,2015,927.3,790,-799.9,6,-7.1,0,-0.3,-11,923.9
19,2016,923.9,799,-791.6,4.8,-10.9,0,0,1,955.3
19,2017,955.3,816.5,-809.5,10,-14.6,0,0,2,969.6
19,2018,969.6,847.8,-839.1,6.3,-9.6,0,0,5,1032.6
20,2013,3889.8,3236.1,-3201.1,54.4,-53.8,0.4,0,36,3784.3
20,2014,3784.3,3206.9,-3178,27,-37.4,1,-0.4,19,3700.4
20,2015,3700.4,3136.9,-3138.2,24.9,-26.5,0.1,-1,-4,3675.3
20,2016,3675.3,3185.5,-3109.6,38.6,-48.9,1,-0.1,67,3839
20,2017,3839,3339.9,-3268.1,32.1,-49.5,18.4,-1,72,3944.6
20,2018,3944.6,3312.8,-3339.4,52.8,-68.9,3.5,-18.4,-58,3935.4
22,2013,8000.4,6606.4,-6642.8,87.4,-109.8,32.1,-23.5,-50,7840.7
22,2014,7840.7,6677.1,-6592,97.2,-116.1,32.6,-32.1,67,8044
22,2015,8044,6917.4,-6862.2,91.4,-110.6,31.9,-32.6,35,8185.3
22,2016,8185.3,6919.6,-6904.9,100.2,-137.9,34.8,-31.9,-20,8273.8
22,2017,8273.8,6970.6,-6939.3,128,-166.8,28.3,-34.8,-14,8385.3
22,2018,8385.3,7101.8,-7073.1,99.9,-131.1,24.6,-28.3,-6,8418.1
23,2013,21431.2,18242.1,-17987.1,95.5,-115.6,147.8,-120.3,262,21440.6
23,2014,21440.6,18165,-17931.9,112.8,-144.9,120.1,-147.8,173,21403.9
23,2015,21403.9,18405.9,-18131.8,102,-120.3,88.1,-120.1,224,21643
23,2016,21643,18707.3,-18496.8,98.9,-127.4,127,-88.1,221,22064.3
23,2017,22064.3,18959,-18813,76.3,-106.2,17.5,-127,7,22083.3
23,2018,22083.3,19289.1,-19049.1,116.8,-145.1,167.7,-17.5,362,22679.1
27,2013,4962.4,3963,-3979.7,110.3,-120.8,6.5,-11.4,-32,4829.2
27,2014,4829.2,3796.9,-3809.8,91.6,-102.5,9.3,-6.5,-21,4565.7
27,2015,4565.7,3777.5,-3773.7,78.1,-89.1,8,-9.3,-8,4553.3
27,2016,4553.3,3776.2,-3795.6,51.9,-60.8,8.8,-8,-28,4562.9
27,2017,4562.9,3735.5,-3744.3,115.5,-126.5,1.9,-8.8,-27,4638.4
27,2018,4638.4,3836.6,-3837.3,82.4,-93.9,3.5,-1.9,-10,4695.9
28,2013,3261.6,2739.4,-2709.9,32,-51.3,2.1,-2.9,10,3217
28,2014,3217,2597,-2558.2,35.5,-41.1,0.5,-2.1,32,3052.9
28,2015,3052.9,2561.6,-2544.6,21.8,-30.5,1,-0.5,9,3057.5
28,2016,3057.5,2590.4,-2575.1,37.3,-47.5,1.4,-1,5,3044
28,2017,3044,2560,-2531.5,28.9,-37.9,1.1,-1.4,19,2990
28,2018,2990,2551.3,-2538.9,22.5,-34.4,1.6,-1.1,1,2975.8
33,2013,12505.6,10418.9,-10305.5,138.3,-228.9,142.5,-192.4,-27,12519.6
33,2014,12519.6,10346.5,-10217.6,101.6,-204.9,135.3,-142.5,18,12438.3
33,2015,12438.3,10605.7,-10436.4,98.4,-170.8,106.1,-135.3,68,12756.2
33,2016,12756.2,10860.4,-10640.6,129.8,-206.8,104.1,-106.1,141,13173.6
33,2017,13173.6,11221,-11051.4,102.7,-178.8,103.6,-104.1,93,13421.5
33,2018,13421.5,11486.1,-11207.8,158.3,-196.6,12.6,-103.6,149,13668.2
34,2013,18870.4,16179.5,-15897.4,157.6,-242.3,46,-48.8,195,18888.4
34,2014,18888.4,16022.6,-15815.5,191.8,-252.1,24.1,-46,125,18756.7
34,2015,18756.7,16094.7,-15857.9,172.1,-262.3,45.5,-24.1,168,18947.3
34,2016,18947.3,16260.8,-15925.3,220.4,-318.2,42.9,-45.5,235,19430.8
34,2017,19430.8,16476.6,-16295.4,218.6,-308.3,37.8,-42.9,86,19306.6
34,2018,19306.6,16526.4,-16232.8,220.1,-285.6,31.3,-37.8,222,19627.8
35,2013,18753.8,16035.6,-15996.7,200.5,-309.9,9.8,-12.9,-74,18792.1
35,2014,18792.1,15975.3,-15909.6,174.4,-273,15.4,-9.8,-27,18884
35,2015,18884,16173.9,-16176.8,219.4,-301.6,14.3,-15.4,-86,19224.4
35,2016,19224.4,16595.4,-16500.8,165.8,-253.6,11.9,-14.3,4,19921.3
35,2017,19921.3,17181.8,-17082.5,163.6,-274.5,13.9,-11.9,-10,20360.3
35,2018,20360.3,17537.5,-17463.2,166.8,-250.8,9.8,-13.9,-14,20554.3
36,2013,67240.8,57234.1,-57103.4,515.1,-1323.4,117.5,-132.4,-692,67484.6
36,2014,67484.6,57390.6,-57377,621.3,-856.6,103.3,-117.5,-236,67505.5
36,2015,67505.5,58037.8,-57856.6,581.8,-784.9,112.9,-103.3,-12,68377.4
36,2016,68377.4,58484.3,-58481.4,654.2,-846.6,107.3,-112.9,-195,69373.1
36,2017,69373.1,59590.8,-59550.3,647.9,-824.9,76.9,-107.3,-167,70330.9
36,2018,70330.9,60756.1,-60625.8,543.7,-678.1,93.8,-76.9,13,71482.3
37,2013,15483.3,13183.6,-13206.8,58.6,-141.4,46.9,-26.6,-86,15282
37,2014,15282,13121.6,-13114.7,57.7,-88.5,31.6,-46.9,-39,15262
37,2015,15262,13217,-13234,56.8,-107.3,28.8,-31.6,-70,15387.4
37,2016,15387.4,13115.4,-13153.7,51.5,-80.6,23.5,-28.8,-73,15337.8
37,2017,15337.8,13201.9,-13227.9,49.3,-91.3,24.8,-23.5,-67,15345.3
37,2018,15345.3,13199.7,-13242.6,45.9,-83.1,35.6,-24.8,-69,15352.8
38,2013,21093,17682.4,-17603.9,135.5,-224,77.4,-89.1,-22,20681.2
38,2014,20681.2,17325.4,-17277.3,117.8,-153.6,21.9,-77.4,-43,20179.2
38,2015,20179.2,17098.5,-17099.2,138.1,-197,74.8,-21.9,-7,19876
38,2016,19876,16715.1,-16750.6,127.4,-158.8,84.4,-74.8,-57,19402.8
38,2017,19402.8,16538.3,-16594.8,96.5,-132.6,74.9,-84.4,-102,19338.7
38,2018,19338.7,16576.6,-16518.7,104.1,-150.8,74,-74.9,10,19411.1
39,2013,51814.5,43108.5,-42909.8,444.5,-817,400,-412.9,-187,51338.4
39,2014,51338.4,42529.4,-42525.8,438.8,-665.1,300.1,-400,-323,50337.8
39,2015,50337.8,42092,-42100.1,327.8,-617.7,329.5,-300.1,-269,49709.9
39,2016,49709.9,41891,-41777.1,293.1,-494.4,311,-329.5,-106,49508.3
39,2017,49508.3,41584.3,-41541.6,310.3,-529.4,313.3,-311,-174,49131.6
39,2018,49131.6,41592.5,-41428.4,295,-518.2,313.8,-313.3,-59,48955.4
40,2013,6206.4,5056.3,-5082.9,83.1,-123.1,15.5,-11.3,-62,6229.1
40,2014,6229.1,5005.5,-5033.7,79.5,-106.3,20.3,-15.5,-50,6285.3
40,2015,6285.3,5154.5,-5153.4,55.9,-92.3,29.9,-20.3,-26,6428.2
40,2016,6428.2,5192.4,-5184.3,58,-72.3,19.8,-29.9,-16,6424.6
40,2017,6424.6,5355.2,-5371.8,65.8,-100.9,25,-19.8,-46,6557.7
40,2018,6557.7,5424.1,-5425.8,37.4,-63.8,15.9,-25,-37,6578.2
41,2013,23485.6,19329.1,-19134.8,200.4,-386.4,218.9,-193.6,34,23304.1
41,2014,23304.1,19289.8,-19080.5,183.5,-330,193.2,-218.9,37,23110.8
41,2015,23110.8,19233.4,-19060.9,180.4,-371.1,268.7,-193.2,57,23187.1
41,2016,23187.1,19217.4,-19056.9,168.9,-291.8,222.1,-268.7,-9,23310.2
41,2017,23310.2,19621.4,-19410.3,159.5,-311.8,200.3,-222.1,37,23454.1
41,2018,23454.1,19699.6,-19478.3,126.7,-272.1,218,-200.3,94,23434.3
42,2013,13725,11795.1,-11809.3,167.9,-241,35.5,-34.5,-86,13665.5
42,2014,13665.5,11674.1,-11662.1,163,-212.6,25.4,-35.5,-48,13656.1
42,2015,13656.1,11986.5,-11847.3,163.1,-244.9,19.4,-25.4,52,14028.1
42,2016,14028.1,12230.4,-12044,144.6,-242.8,25.9,-19.4,95,14252.9
42,2017,14252.9,12348,-12193.8,149.8,-228.5,19.6,-25.9,69,14389.5
42,2018,14389.5,12576.6,-12437.8,157,-226.8,24,-19.6,73,14566.5
43,2013,30346.6,26125.9,-25820,179.6,-453.3,88.9,-78.4,43,30331.4
43,2014,30331.4,25911.9,-25632.3,229.6,-451.3,37.4,-88.9,6,30249.9
43,2015,30249.9,26245.6,-25946.8,218.4,-369.6,86.6,-37.4,197,30620.6
43,2016,30620.6,26353.3,-25971.6,222.8,-376.6,89,-86.6,230,30591.4
43,2017,30591.4,26407.2,-26109.1,268,-406.1,83.3,-89,154,30609.2
43,2018,30609.2,26530.6,-26161.2,244.8,-353.3,98.3,-83.3,276,30655.6
44,2013,15093.7,12974.4,-12944.3,89,-112.9,47.8,-37.4,17,15137.8
44,2014,15137.8,12898.4,-12902,65.1,-94,64.7,-47.8,-16,15080.7
44,2015,15080.7,13029.8,-13016.8,50.1,-136.3,86.4,-64.7,-51,15260.9
44,2016,15260.9,12947.8,-13021.4,86.1,-126.6,72.3,-86.4,-128,15055.3
44,2017,15055.3,12990.2,-12979.5,52.8,-119.1,76.1,-72.3,-52,15119.8
44,2018,15119.8,13087.4,-13053,54.8,-100.3,60.5,-76.1,-27,15125.9
45,2013,6684.9,5553.3,-5489.8,25.8,-26.9,3.5,0,66,6676.9
45,2014,6676.9,5557.1,-5525.9,19.1,-19.3,0.1,-3.5,28,6726.6
45,2015,6726.6,5683.8,-5611.9,27,-29.6,0.3,-0.1,69,6787.1
45,2016,6787.1,5720.5,-5679.6,16.8,-17.4,0.3,-0.3,40,6811
45,2017,6811,5772.3,-5724,15.1,-15.1,0,-0.3,48,6898.1
45,2018,6898.1,5779.3,-5726.7,10.1,-10.4,17.1,0,69,6916.5
46,2013,3074.3,2537.4,-2551.3,61,-61.8,0,-2.5,-17,3042.6
46,2014,3042.6,2563.1,-2554.9,43.6,-44.8,6.5,0,14,3027.3
46,2015,3027.3,2606,-2605.9,25.5,-30.6,15,-6.5,4,3120.9
46,2016,3120.9,2676.8,-2653.9,27.1,-37.6,1.3,-15,-1,3140.4
46,2017,3140.4,2708,-2707.1,26.3,-36.1,4.4,-1.3,-6,3156.9
46,2018,3156.9,2752.5,-2748.2,47.8,-63.4,4.8,-4.4,-11,3256.1
47,2013,1983.6,1580.9,-1613.3,56.9,-83.3,3,-0.9,-57,1962.9
47,2014,1962.9,1516.9,-1612.4,14.1,-43.6,4.1,-3,-124,1859.6
47,2015,1859.6,1506.5,-1545.9,19.1,-30.1,4.3,-4.1,-50,1853.8
47,2016,1853.8,1522.9,-1563.6,23.3,-42.5,5.3,-4.3,-59,1920.4
47,2017,1920.4,1657.2,-1672.3,31.5,-49,11.5,-5.3,-26,2047.5
47,2018,2047.5,1632.6,-1681.8,25.5,-69.8,12,-11.5,-93,2055.8
48,2013,4243.9,3641.1,-3566.9,32.6,-53.4,6.6,-7,53,4368.9
48,2014,4368.9,3676.5,-3633,32.3,-83.1,13.5,-6.6,0,4386.8
48,2015,4386.8,3808.6,-3752.5,28.1,-101.4,32.5,-13.5,2,4604
48,2016,4604,3927.1,-3860,29.2,-83.6,25.4,-32.5,6,4716.7
48,2017,4716.7,4100.2,-4010.4,17.6,-71.9,41.8,-25.4,52,4903.7
48,2018,4903.7,4219.3,-4141.5,16.1,-42.6,47.5,-41.8,57,5044.2
49,2013,193.8,149.9,-149,3.1,-3,0,0,1,218.1
49,2014,218.1,162.4,-162,0.1,-1,0,0,-1,193.6
49,2015,193.6,149,-147.5,4.6,-5,0,0,1,207
49,2016,207,161.8,-161,2.3,-3.3,0,0,0,220.5
49,2017,220.5,181.1,-180,6,-6,0,0,1,235.1
49,2018,235.1,202.3,-201.1,1.4,-2.1,0,0,0,264.8
50,2013,576.5,458.1,-466.3,11.7,-13.8,0.3,-0.9,-11,566.3
50,2014,566.3,468.8,-461.8,4.7,-5.5,0,-0.3,6,545.9
50,2015,545.9,447.3,-450.1,8.6,-9.3,0,0,-4,545
50,2016,545,416.4,-419.5,11.5,-14.5,0.4,0,-6,517.4
50,2017,517.4,413.1,-415.1,8.9,-10.7,0.5,-0.4,-4,510.5
50,2018,510.5,388.8,-390,2.4,-5.1,0,-0.5,-4,461.1
51,2013,1291.9,1082.6,-1086.6,18.6,-18.1,0,-0.4,-4,1262.6
51,2014,1262.6,1060.6,-1065.1,4.8,-5.6,0,0,-5,1245
51,2015,1245,1042.9,-1055.5,16.9,-16.9,0,0,-13,1248.1
51,2016,1248.1,1082.1,-1081.6,13.8,-13.8,0,0,1,1285.8
51,2017,1285.8,1068.6,-1066.6,18,-17.6,0,0,2,1284.1
51,2018,1284.1,1041.3,-1059.1,14.3,-14.1,0,0,-18,1249.6
52,2013,2096,1675.1,-1678,34.6,-41.1,0,0,-9,2083.6
52,2014,2083.6,1679,-1686.8,42.6,-52.8,0,0,-18,2041.5
52,2015,2041.5,1666.5,-1666.9,38.9,-52.5,0,0,-14,2046.5
52,2016,2046.5,1677,-1677.8,22,-31.4,0.4,0,-10,1978.9
52,2017,1978.9,1647.9,-1654.9,24.6,-39,0,-0.4,-22,1960.5
52,2018,1960.5,1689.4,-1651.9,40.5,-47.4,0,0,31,1993.9
53,2013,2349.4,1912.2,-1899.4,22.4,-41.9,6,-5.4,-6,2346.9
53,2014,2346.9,1884.9,-1886.8,13.9,-40.9,9.9,-6,-25,2284.4
53,2015,2284.4,1839.3,-1833.6,11.8,-47.3,10.4,-9.9,-29,2218.4
53,2016,2218.4,1832.6,-1808.4,1.9,-31.6,11.8,-10.4,-4,2312.1
53,2017,2312.1,1902.5,-1896.4,12.6,-33,14.3,-11.8,-12,2312.9
53,2018,2312.9,1932.8,-1914.8,21.8,-35.7,9.7,-14.3,0,2337
54,2013,2214.3,1825.2,-1825.4,32.3,-32,7.5,-18.2,-11,2188.4
54,2014,2188.4,1732.5,-1729.7,16.4,-22.7,9.2,-7.5,-2,2070.1
54,2015,2070.1,1686.3,-1672.5,29.1,-32.8,5.6,-9.2,7,2064.4
54,2016,2064.4,1690.2,-1684.8,31.3,-38.1,9.1,-5.6,2,2002.8
54,2017,2002.8,1631.8,-1628.5,29.9,-41.1,7.6,-9.1,-10,1969.4
54,2018,1969.4,1639.8,-1642.4,11.3,-19,2.1,-7.6,-16,1947.8
57,2013,12917.7,10733,-10659.1,154.1,-197.1,13.6,-18.5,26,12664
57,2014,12664,10557.2,-10505,145,-177.9,17.8,-13.6,23,12647.8
57,2015,12647.8,10748.2,-10634.9,156.7,-206.6,17.3,-17.8,63,12687.8
57,2016,12687.8,10890.5,-10822.8,85,-119.5,15.8,-17.3,32,12804.8
57,2017,12804.8,10983.8,-10909.8,131.1,-161.5,12.5,-15.8,40,12975.2
57,2018,12975.2,11129.6,-11092.5,87.6,-115.9,11.8,-12.5,8,13021
58,2013,2110.3,1655.3,-1672.9,5.8,-57.5,38.4,-31.1,-62,2106.6
58,2014,2106.6,1544.1,-1585.5,-21.7,-86.5,61.8,-38.4,-126,2047.1
58,2015,2047.1,1589.6,-1611.5,-7.1,-44,52.6,-61.8,-82,2062
58,2016,2062,1621.9,-1639.8,-16.7,-42.9,41.9,-52.6,-88,2092.3
58,2017,2092.3,1608.3,-1636.5,-42.8,-28.9,42.6,-41.9,-99,2040.4
58,2018,2040.4,1615.2,-1627.3,-8.5,-36.3,36.5,-42.6,-63,2061.2
59,2013,3714.6,2990.5,-3002.4,31.3,-46.6,0,-0.4,-28,3604.4
59,2014,3604.4,2845.4,-2848.4,44.4,-54.1,1,0,-12,3481.9
59,2015,3481.9,2833.7,-2768.7,57.3,-69.9,0.9,-1,52,3492.4
59,2016,3492.4,2828.9,-2817.5,50.8,-65.8,0.8,-0.9,-4,3463.5
59,2017,3463.5,2806.9,-2809.6,54.8,-78,0.9,-0.8,-26,3487.8
59,2018,3487.8,2929.1,-2923.8,20.5,-35.5,1.3,-0.9,-9,3576.8
60,2013,5524.6,4613.1,-4602,84.7,-152.5,54.8,-41.9,-44,5641
60,2014,5641,4580.8,-4677.8,51.4,-152.7,50.5,-54.8,-203,5672.6
60,2015,5672.6,4901,-4836.9,80.3,-163.8,28.1,-50.5,-42,5996.9
60,2016,5996.9,4931.7,-4989.6,76.9,-130.5,15.5,-28.1,-124,5888.5
60,2017,5888.5,5041.4,-5040.1,64.2,-117.3,28,-15.5,-39,6044.8
60,2018,6044.8,5054.7,-5080.1,50.1,-138.9,66.3,-28,-76,6052.6
61,2013,18573.6,15476.5,-15416,205.6,-341.3,35.6,-37.4,-77,18400.4
61,2014,18400.4,15529.6,-15387.4,199.8,-306.1,29.1,-35.6,29,18429.5
61,2015,18429.5,15656.7,-15471.5,176.8,-332,23.1,-29.1,24,18702.5
61,2016,18702.5,15873.5,-15722.5,186.2,-329.7,30.9,-23.1,15,18879.1
61,2017,18879.1,16175.7,-16025,146.1,-334,23.4,-30.9,-45,19123.1
61,2018,19123.1,16508.3,-16239.2,142.7,-283.2,29.6,-23.4,135,19507.4
62,2013,8968.6,7498.9,-7443.3,47.6,-222,142.5,-71.9,-48,9074.6
62,2014,9074.6,7588.6,-7469.2,52.6,-395.7,120.3,-142.5,-246,9134.8
62,2015,9134.8,7694.3,-7628.2,152.7,-452.4,143.8,-120.3,-210,9514.9
62,2016,9514.9,8069.3,-8009.8,157.9,-368.6,199.6,-143.8,-95,10087.3
62,2017,10087.3,8464.1,-8339.3,149.3,-354.4,157.5,-199.6,-122,10459.3
62,2018,10459.3,8926.5,-8778,158.4,-367.3,116.3,-157.5,-102,10832.3
63,2013,7062.8,5639.4,-5694.3,-44.2,-242.9,122.9,-142.8,-362,6953.3
63,2014,6953.3,5559.1,-5690.1,-47.8,-239.8,122.6,-122.9,-419,6841.1
63,2015,6841.1,5613,-5637.9,30.6,-208.5,97.5,-122.6,-228,6911.1
63,2016,6911.1,5600.9,-5627.4,47.5,-271.2,127.8,-97.5,-220,6908.8
63,2017,6908.8,5616.1,-5662,-66.8,-265.4,117,-127.8,-389,7003.8
63,2018,7003.8,5854.3,-5855.6,-58.7,-183,100.1,-117,-260,7082.5
64,2013,1690.3,1337.7,-1315.2,32.4,-41.9,25.8,-28.9,10,1684.3
64,2014,1684.3,1299.6,-1283.5,34,-41.3,27.5,-25.8,11,1660.6
64,2015,1660.6,1312.1,-1292.1,34.1,-44.1,12.9,-27.5,-5,1707.1
64,2016,1707.1,1363.1,-1350.1,41.4,-51.1,16.4,-12.9,7,1719
64,2017,1719,1369.1,-1381.5,32,-39.6,12.6,-16.4,-24,1697.1
64,2018,1697.1,1405.7,-1385,26.3,-42.4,0,-12.6,-8,1735.8
67,2013,5970.4,4877.9,-4893.3,51.2,-68.3,4.4,-9.3,-37,5765.3
67,2014,5765.3,4680.6,-4756.6,37.1,-40.8,7.4,-4.4,-77,5592.5
67,2015,5592.5,4763.1,-4723.1,49.6,-49.9,8.6,-7.4,41,5671.4
67,2016,5671.4,4745.5,-4717.5,40.1,-50,7.3,-8.6,17,5690.6
67,2017,5690.6,4834.4,-4762.8,56.6,-64.1,10,-7.3,67,5749.4
67,2018,5749.4,4850.3,-4775.2,74.5,-75.1,15.8,-10,80,5825.4
68,2013,13234.7,11086,-11115.6,152.8,-280.9,75.5,-84,-166,13173.9
68,2014,13173.9,10812.3,-10921.1,102.3,-280.1,88.8,-75.5,-273,12866.3
68,2015,12866.3,10960.7,-10904.9,129.6,-239.1,57.4,-88.8,-85,13050.8
68,2016,13050.8,11102.5,-11064.1,149.1,-225.6,59.8,-57.4,-36,13415.1
68,2017,13415.1,11512.9,-11542.4,126.4,-243.3,65.3,-59.8,-141,13719.3
68,2018,13719.3,11791.9,-11792.5,175.8,-259.9,40.9,-65.3,-109,14021.3
69,2013,4090.1,3275.8,-3351.5,58.9,-84.8,57.5,-30.2,-74,4029.3
69,2014,4029.3,3252.5,-3312.1,29.9,-42.6,26.8,-57.5,-103,3876.2
69,2015,3876.2,3276.9,-3301,48.1,-87.1,29.6,-26.8,-60,3950.1
69,2016,3950.1,3292.9,-3320.7,46.4,-69.3,42.5,-29.6,-38,4011
69,2017,4011,3361.8,-3372.4,59.1,-105.1,52.8,-42.5,-46,4040.1
69,2018,4040.1,3365.5,-3377.2,54.9,-114.6,53.9,-52.8,-70,4095.6
70,2013,3799.6,3097.4,-3100.4,37.4,-61.9,7,-7.1,-28,3639.1
70,2014,3639.1,2969.1,-2994.3,57.3,-71.6,1.4,-7,-45,3538.1
70,2015,3538.1,2983.3,-2978.7,71.4,-89.1,5.1,-1.4,-9,3640
70,2016,3640,3092.7,-3066.8,81.8,-83.6,7.9,-5.1,27,3761.8
70,2017,3761.8,3149.7,-3137.9,81.3,-94.1,3.4,-7.9,-6,3744.8
70,2018,3744.8,3131.9,-3130.9,77.9,-91,1.3,-3.4,-14,3734.4
71,2013,7903.4,6448.3,-6473.6,-54.9,-185.4,142.1,-134.2,-258,7763.5
71,2014,7763.5,6124.9,-6232.4,-12.4,-206.3,151.3,-142.1,-317,7479.4
71,2015,7479.4,6067.8,-6146.9,-39.3,-188.2,86,-151.3,-372,7375.6
71,2016,7375.6,6164.1,-6178.3,1.8,-151.5,99.5,-86,-150,7805.3
71,2017,7805.3,6508.1,-6555.3,-24.5,-219.9,132,-99.5,-259,8222.2
71,2018,8222.2,6660.5,-6782.9,-62.1,-169.1,120.9,-132,-365,8277.4
72,2013,5191.4,4283.2,-4244.3,64.9,-123.3,6.3,-9,-22,5147.3
72,2014,5147.3,4322.4,-4276.4,48.6,-94.4,13,-6.3,7,5162.3
72,2015,5162.3,4425.3,-4360.6,36.9,-84.6,17.3,-13,21,5224.9
72,2016,5224.9,4477.7,-4419.1,51.8,-87,17.5,-17.3,24,5343.6
72,2017,5343.6,4610.8,-4532.3,53,-74.8,10.6,-17.5,50,5401.4
72,2018,5401.4,4629.9,-4565.9,49.8,-71.4,5.1,-10.6,37,5463.3
73,2013,14031.1,11825.8,-11652.8,135.8,-189.1,93.3,-78.4,135,13937.5
73,2014,13937.5,11757,-11581.8,99.1,-161.8,81.8,-93.3,101,13981.3
73,2015,13981.3,11833.8,-11745.9,133.6,-177.8,54.9,-81.8,17,13937.9
73,2016,13937.9,11988.8,-11846,84.1,-132.9,27.9,-54.9,67,14100.2
73,2017,14100.2,12088.6,-11986.9,97.6,-129.4,27.6,-27.9,70,14358.3
73,2018,14358.3,12384.4,-12285.4,103.9,-126.4,44.8,-27.6,94,14590.3
74,2013,1192.5,927.2,-929.4,10.6,-16.6,1.4,-1.6,-8,1144
74,2014,1144,882,-889.1,11.9,-17,1,-1.4,-13,1096.4
74,2015,1096.4,874.6,-873.5,15.5,-25.5,4.3,-1,-6,1111.1
74,2016,1111.1,880.9,-900.1,16.4,-22.5,1.8,-4.3,-28,1107
74,2017,1107,877.6,-883.9,15.9,-22,0.6,-1.8,-14,1108.8
74,2018,1108.8,909.6,-907.8,14.1,-16.1,0.4,-0.6,0,1090.3
75,2013,5836.6,4762.1,-4751.6,120.9,-173.5,19.1,-13.9,-37,5764.3
75,2014,5764.3,4703.5,-4726.3,42.1,-163.1,9.9,-19.1,-153,5639.4
75,2015,5639.4,4766.4,-4739.3,73.5,-147.3,12.9,-9.9,-44,5761
75,2016,5761,4853.1,-4811.5,108.5,-133.5,7.1,-12.9,11,5930.4
75,2017,5930.4,4971,-4982.5,121.6,-169.9,8.4,-7.1,-59,6057.8
75,2018,6057.8,5126.3,-5097.6,68.1,-101.4,5.1,-8.4,-8,6072.5
78,2013,1682.5,1263.3,-1254.3,42.6,-47.2,0.3,-0.5,4,1638.4
78,2014,1638.4,1246.1,-1237.3,34.4,-32.8,0,-0.3,10,1572.9
78,2015,1572.9,1256.4,-1236.5,42.9,-42.1,0,0,21,1643.8
78,2016,1643.8,1265.3,-1263.4,66,-69.4,0.1,0,-1,1684
78,2017,1684,1309.8,-1292.1,51.7,-55.4,0,-0.1,14,1661.8
78,2018,1661.8,1344.3,-1329.9,53.2,-56.9,0,0,11,1738.4
79,2013,7706.5,6276.8,-6299.6,118.8,-146.5,1.4,-4.6,-54,7406.8
79,2014,7406.8,6020.6,-6060.6,127.4,-144.6,0.4,-1.4,-58,7262.8
79,2015,7262.8,6118.9,-6082.8,93.6,-108,0.9,-0.4,22,7397.4
79,2016,7397.4,6205.5,-6174.9,119.8,-130.3,2.8,-0.9,22,7583.1
79,2017,7583.1,6475.4,-6441.6,127.9,-194.3,18.4,-2.8,-17,7789.6
79,2018,7789.6,6499.9,-6486.1,176.5,-234.5,41.7,-18.4,-21,8060.3
81,2013,868.6,672.4,-675,4.6,-9,0,0,-7,807.6
81,2014,807.6,611.8,-608.3,4.5,-9.8,0,0,-2,757.1
81,2015,757.1,606.4,-596.3,20.6,-26,0,0,5,768.6
81,2016,768.6,585.6,-590,5.5,-8.8,0,0,-8,727.6
81,2017,727.6,594.2,-594.3,10.1,-9.8,0.1,0,0,720.8
81,2018,720.8,568.9,-575.2,12.1,-15.3,0,-0.1,-10,684
82,2013,4823.5,3768.8,-3793.9,112.2,-154.3,48,-53.9,-73,4696.6
82,2014,4696.6,3679.9,-3699.9,76.8,-93.1,42.9,-48,-42,4469.9
82,2015,4469.9,3520.2,-3545.3,98.5,-107.5,6.8,-42.9,-70,4288.9
82,2016,4288.9,3398.4,-3410.6,77.1,-97.6,8.1,-6.8,-31,4128.1
82,2017,4128.1,3334.1,-3361.4,88,-114.3,4,-8.1,-58,4108.9
82,2018,4108.9,3309.6,-3355.1,95.3,-121.3,3.3,-4,-72,4101.5
83,2013,6102.8,5122.8,-5059.8,43.3,-69.9,6.6,-6.6,36,6019.1
83,2014,6019.1,4950.3,-4940.6,35.2,-60.9,4.8,-6.6,-18,5866.1
83,2015,5866.1,4973.3,-4890.2,47.4,-74.9,4.5,-4.8,55,5950.2
83,2016,5950.2,5021.5,-4958.2,85,-130.5,5.4,-4.5,19,6056.5
83,2017,6056.5,5119.4,-5083,65,-100.1,8.6,-5.4,5,6167
83,2018,6167,5307.4,-5239.3,38.2,-67,8.9,-8.6,40,6364
84,2013,410.9,317.3,-311.9,8,-8,18.6,-16.4,8,403.3
84,2014,403.3,293.9,-290.5,6.5,-7.1,17.5,-18.6,2,388.6
84,2015,388.6,272.9,-270.5,5.6,-7.4,17.8,-17.5,1,365.8
84,2016,365.8,283.3,-272.1,8.6,-8.5,16.5,-17.8,10,413.9
84,2017,413.9,298.1,-303.4,8.1,-9.9,20.3,-16.5,-3,416.5
84,2018,416.5,307.3,-303.3,23.4,-24.8,20.5,-20.3,3,464.1
85,2013,1378.6,1065.1,-1055.6,49.4,-49,2.9,-1.9,11,1372.2
85,2014,1372.2,1069.3,-1054.5,32.5,-38.4,3.6,-2.9,10,1332.8
85,2015,1332.8,1043.6,-1033.9,45.4,-47,0,-3.6,5,1326.1
85,2016,1326.1,1089.9,-1085.5,29,-30.5,0.3,0,3,1359.9
85,2017,1359.9,1095.1,-1086.4,32.6,-33.3,0,-0.3,8,1354.3
85,2018,1354.3,1095.7,-1086.9,54.8,-54.3,0,0,9,1372
87,2013,198,150.3,-150,3.5,-5,0,0,-1,198.9
87,2014,198.9,140.9,-141.1,4,-4,0,0,0,184.1
87,2015,184.1,141,-141,4.1,-5.1,0,0,-1,191.1
87,2016,191.1,147,-148,0,0,0,0,-1,180.3
87,2017,180.3,143,-143,2,-2,0,0,0,188.6
87,2018,188.6,117.1,-122,6.3,-9.9,0,0,-9,145.1
91,2013,3929.6,3086.1,-3153.6,-112.8,-104,117.4,-86.9,-254,4011.5
91,2014,4011.5,2987.3,-3063.6,-96.4,-86.9,53.9,-117.4,-323,3829
91,2015,3829,2952.9,-3001.8,-1.8,-76.4,94.3,-53.9,-87,3752.3
91,2016,3752.3,2886.6,-2950.2,-54.2,-59.6,92.1,-94.3,-180,3719.3
91,2017,3719.3,2792.3,-2916.1,-136.4,-61.4,79.8,-92.1,-334,3585.5
91,2018,3585.5,2798,-2858.4,-132.4,-54.8,84.8,-79.8,-243,3555.7
92,2013,383.9,290.4,-292.5,19,-25.5,0,0,-9,390.4
92,2014,390.4,309.1,-292.6,14.5,-13,0,0,18,420.8
92,2015,420.8,296,-319.6,8.8,-11.9,4.7,0,-22,374.5
92,2016,374.5,299.9,-298.4,15.8,-12.4,0,-4.7,0,383.6
92,2017,383.6,312.8,-301.9,8.8,-7.2,0,0,13,386.8
92,2018,386.8,306.4,-300.4,9.1,-10.4,0,0,5,374.3
93,2013,4758.3,4076.9,-4086.9,10.1,-10.9,32.8,-27.5,-6,5084
93,2014,5084,4264.1,-4281.3,13.9,-13.5,22.9,-32.8,-27,5373.3
93,2015,5373.3,4554.7,-4538,10.3,-9.6,24.5,-22.9,19,5556.4
93,2016,5556.4,4687.6,-4699.1,8.9,-10.9,22.3,-24.5,-16,5704.6
93,2017,5704.6,4828.5,-4822.6,9.5,-9.6,27.3,-22.3,11,5970.3
93,2018,5970.3,5003,-4991,14.8,-14.9,9.1,-27.3,-6,6117.9
